{"loss": [1.4555777311325073, 1.40145742893219, 1.3686397075653076, 1.3352606296539307, 1.3045378923416138, 1.282860517501831, 1.2573504447937012, 1.235310435295105, 1.2143851518630981, 1.1952718496322632], "accuracy": [0.24588234722614288, 0.29058822989463806, 0.3176470696926117, 0.33529412746429443, 0.35411766171455383, 0.387058824300766, 0.39176470041275024, 0.41411763429641724, 0.4341176450252533, 0.474117636680603], "val_loss": [1.3944700956344604, 1.3508511781692505, 1.328869104385376, 1.3000047206878662, 1.2785648107528687, 1.2598844766616821, 1.242158055305481, 1.2247464656829834, 1.2018693685531616, 1.1861869096755981], "val_accuracy": [0.2866666615009308, 0.3333333432674408, 0.36000001430511475, 0.3799999952316284, 0.3866666555404663, 0.4000000059604645, 0.41999998688697815, 0.41999998688697815, 0.4266666769981384, 0.4399999976158142], "test_loss": 1.1865891218185425, "test_accuracy": 0.4507499933242798, "epochs": 10}