{"loss": [1.1799371242523193, 0.8149523735046387, 0.5385423302650452, 0.4453749358654022, 0.3911984860897064, 0.36122623085975647, 0.2657189667224884, 0.2466994673013687, 0.2234598696231842, 0.13881529867649078, 0.11108934879302979, 0.15717323124408722, 0.22330942749977112, 0.13362139463424683, 0.07718919217586517, 0.04178348928689957, 0.1429007202386856, 0.06242331862449646, 0.1404709368944168, 0.02157961018383503], "accuracy": [0.42399999499320984, 0.628000020980835, 0.7770000100135803, 0.8130000233650208, 0.8289999961853027, 0.8539999723434448, 0.9049999713897705, 0.8939999938011169, 0.9070000052452087, 0.9430000185966492, 0.9599999785423279, 0.9430000185966492, 0.9100000262260437, 0.9570000171661377, 0.9769999980926514, 0.9829999804496765, 0.9470000267028809, 0.9779999852180481, 0.9520000219345093, 0.9950000047683716], "val_loss": [1.3667317628860474, 0.5919922590255737, 0.6605428457260132, 0.6563677787780762, 0.7186365723609924, 0.6939386129379272, 0.48942869901657104, 0.6038838624954224, 0.2935969829559326, 0.34888947010040283, 0.36915430426597595, 0.44723179936408997, 0.326699435710907, 0.2578721046447754, 0.2716502547264099, 0.9766874313354492, 0.5118656158447266, 0.5001529455184937, 0.27402037382125854, 0.29898014664649963], "val_accuracy": [0.4560000002384186, 0.7820000052452087, 0.703249990940094, 0.7207499742507935, 0.7179999947547913, 0.7310000061988831, 0.8182500004768372, 0.7695000171661377, 0.8895000219345093, 0.871999979019165, 0.871999979019165, 0.8377500176429749, 0.8784999847412109, 0.9007499814033508, 0.9024999737739563, 0.7519999742507935, 0.84375, 0.8427500128746033, 0.903249979019165, 0.9054999947547913]}