{"loss": [1.3672211170196533, 1.268102765083313, 1.3471370935440063, 1.251059889793396, 1.160351276397705, 1.3809539079666138, 1.4573545455932617], "accuracy": [0.30588236451148987, 0.37529411911964417, 0.3494117558002472, 0.3423529267311096, 0.44235295057296753, 0.37294116616249084, 0.2729411721229553], "val_loss": [1.3145949840545654, 1.273303747177124, 1.3498101234436035, 1.1384696960449219, 1.3673173189163208, 1.549134612083435, 1.3907196521759033], "val_accuracy": [0.36666667461395264, 0.2800000011920929, 0.3400000035762787, 0.5133333206176758, 0.36000001430511475, 0.30000001192092896, 0.25333333015441895], "test_loss": 1.4061051607131958, "test_accuracy": 0.25874999165534973, "epochs": 8}