{
  "loss": [
    1.3075542449951172,
    1.006429672241211,
    0.825360119342804,
    0.6334709525108337,
    0.5453222393989563,
    0.3712063431739807
  ],
  "accuracy": [
    0.36352941393852234,
    0.5176470875740051,
    0.6211764812469482,
    0.7270588278770447,
    0.7752941250801086,
    0.8694117665290833
  ],
  "val_loss": [
    1.1733479499816895,
    0.9758236408233643,
    0.9043115973472595,
    1.2007842063903809,
    0.5995045304298401,
    0.488616019487381
  ],
  "val_accuracy": [
    0.4266666769981384,
    0.4933333396911621,
    0.5933333039283752,
    0.4466666579246521,
    0.753333330154419,
    0.800000011920929
  ],
  "test_loss": 0.4153921902179718,
  "test_accuracy": 0.8370000123977661,
  "epochs": 6
}