{"loss": [1.4022772312164307, 1.3572005033493042, 1.4024430513381958, 1.3746061325073242, 1.3818747997283936, 1.3443349599838257, 1.3118867874145508, 1.3638314008712769, 1.3166248798370361, 1.3305413722991943, 1.247894287109375, 1.1675479412078857, 0.7960912585258484, 1.3043345212936401, 1.2702999114990234, 1.2449177503585815, 1.2642773389816284, 1.3101224899291992, 1.2383416891098022, 1.218077301979065], "accuracy": [0.257999986410141, 0.33000001311302185, 0.2759999930858612, 0.2930000126361847, 0.2919999957084656, 0.3269999921321869, 0.34200000762939453, 0.32499998807907104, 0.2980000078678131, 0.33500000834465027, 0.3569999933242798, 0.43299999833106995, 0.5220000147819519, 0.3610000014305115, 0.3569999933242798, 0.35100001096725464, 0.36000001430511475, 0.33899998664855957, 0.39399999380111694, 0.4050000011920929], "val_loss": [1.380026936531067, 1.5174392461776733, 1.376505732536316, 1.4071786403656006, 1.3798797130584717, 1.3734091520309448, 1.3053436279296875, 1.3845263719558716, 1.2642130851745605, 1.3065491914749146, 1.2449320554733276, 0.9385700821876526, 0.7390594482421875, 1.3094240427017212, 1.2621474266052246, 1.236118197441101, 1.4925336837768555, 1.256258487701416, 1.241807222366333, 1.2293423414230347], "val_accuracy": [0.2554999887943268, 0.20999999344348907, 0.2917500138282776, 0.24924999475479126, 0.25, 0.3165000081062317, 0.34049999713897705, 0.24150000512599945, 0.35899999737739563, 0.3022499978542328, 0.3642500042915344, 0.5015000104904175, 0.49950000643730164, 0.33024999499320984, 0.3582499921321869, 0.37424999475479126, 0.26100000739097595, 0.3714999854564667, 0.3675000071525574, 0.3647499978542328]}