{"loss": [1.497806191444397, 1.3954678773880005, 1.3578745126724243, 1.3265217542648315, 1.2974165678024292, 1.2700061798095703, 1.2446833848953247, 1.2247322797775269, 1.2023348808288574, 1.183861255645752], "accuracy": [0.24588234722614288, 0.27882352471351624, 0.3211764693260193, 0.36352941393852234, 0.4058823585510254, 0.42235293984413147, 0.4505882263183594, 0.4623529314994812, 0.477647066116333, 0.4752941131591797], "val_loss": [1.4370211362838745, 1.3911733627319336, 1.358912467956543, 1.3333606719970703, 1.3043683767318726, 1.28108811378479, 1.2640368938446045, 1.2384681701660156, 1.226171612739563, 1.2080906629562378], "val_accuracy": [0.18666666746139526, 0.25333333015441895, 0.3199999928474426, 0.3199999928474426, 0.3866666555404663, 0.40666666626930237, 0.4266666769981384, 0.41999998688697815, 0.4466666579246521, 0.4466666579246521], "test_loss": 1.191759467124939, "test_accuracy": 0.47850000858306885, "epochs": 10}