{"loss": [1.2898133993148804, 0.9891206622123718, 0.772596001625061, 0.5693395733833313, 0.5170026421546936, 0.41665133833885193, 0.28516077995300293, 0.25396862626075745, 0.20710095763206482, 0.17852841317653656, 0.13291853666305542], "accuracy": [0.338823527097702, 0.5235294103622437, 0.6517646908760071, 0.7988235354423523, 0.7870588302612305, 0.8399999737739563, 0.9047058820724487, 0.9141176342964172, 0.932941198348999, 0.9458823800086975, 0.9599999785423279], "val_loss": [1.1126179695129395, 0.8649802803993225, 0.6594019532203674, 0.744012176990509, 0.4260290563106537, 0.4146633446216583, 0.3220960199832916, 0.2990022897720337, 0.3524981737136841, 0.34881219267845154, 0.33525797724723816], "val_accuracy": [0.46666666865348816, 0.6266666650772095, 0.753333330154419, 0.7200000286102295, 0.8600000143051147, 0.846666693687439, 0.8799999952316284, 0.8733333349227905, 0.8533333539962769, 0.8600000143051147, 0.8666666746139526], "test_loss": 0.33561620116233826, "test_accuracy": 0.8654999732971191, "epochs": 11}