{"loss": [1.2264374494552612, 0.8428508639335632, 0.5667476058006287, 0.5297549366950989, 0.35226333141326904, 0.31717076897621155, 0.28590384125709534, 0.26438239216804504, 0.21723440289497375, 0.23134872317314148, 0.1463472694158554, 0.15454745292663574, 0.13460351526737213, 0.1260443776845932, 0.11409188061952591], "accuracy": [0.39500001072883606, 0.597000002861023, 0.7699999809265137, 0.7829999923706055, 0.8619999885559082, 0.8619999885559082, 0.8809999823570251, 0.8930000066757202, 0.9110000133514404, 0.9139999747276306, 0.9449999928474426, 0.9369999766349792, 0.9490000009536743, 0.949999988079071, 0.9589999914169312], "val_loss": [0.968207836151123, 0.6779704689979553, 0.4965429902076721, 0.4822867512702942, 0.5979522466659546, 0.8101505637168884, 0.3682522773742676, 0.3758108913898468, 0.5759114027023315, 0.4341273307800293, 0.4555014967918396, 0.32328635454177856, 0.5260742902755737, 0.3279424011707306, 0.6736634373664856], "val_accuracy": [0.5170000195503235, 0.7099999785423279, 0.8082500100135803, 0.809499979019165, 0.7492499947547913, 0.6769999861717224, 0.8615000247955322, 0.8492500185966492, 0.8009999990463257, 0.8422499895095825, 0.8512499928474426, 0.8794999718666077, 0.8335000276565552, 0.8827499747276306, 0.7917500138282776]}