{
  "loss": [
    1.494455099105835,
    1.4294378757476807,
    1.393000602722168,
    1.359818458557129,
    1.3306005001068115,
    1.3024832010269165,
    1.2769170999526978,
    1.254525065422058,
    1.2354259490966797,
    1.209527611732483
  ],
  "accuracy": [
    0.2105882316827774,
    0.21529412269592285,
    0.27529412508010864,
    0.2929411828517914,
    0.34705883264541626,
    0.38235294818878174,
    0.3811764717102051,
    0.43882352113723755,
    0.43529412150382996,
    0.45764705538749695
  ],
  "val_loss": [
    1.4116241931915283,
    1.3889732360839844,
    1.3567380905151367,
    1.328332781791687,
    1.3032647371292114,
    1.279761791229248,
    1.2654666900634766,
    1.2389756441116333,
    1.2156744003295898,
    1.2093088626861572
  ],
  "val_accuracy": [
    0.2199999988079071,
    0.2933333218097687,
    0.3400000035762787,
    0.3400000035762787,
    0.3466666638851166,
    0.35333332419395447,
    0.36000001430511475,
    0.3866666555404663,
    0.4000000059604645,
    0.4266666769981384
  ],
  "test_loss": 1.214428424835205,
  "test_accuracy": 0.4517500102519989,
  "epochs": 10
}