{"loss": [1.320583462715149, 1.1492493152618408, 1.1507198810577393, 0.9906383752822876, 1.153590440750122, 0.9767404794692993, 0.8408416509628296, 0.7425573468208313], "accuracy": [0.3319999873638153, 0.4230000078678131, 0.4440000057220459, 0.4449999928474426, 0.45500001311302185, 0.4699999988079071, 0.5149999856948853, 0.5019999742507935], "val_loss": [1.2787916660308838, 0.9346234202384949, 1.152940034866333, 1.0796552896499634, 0.8672295808792114, 1.3660658597946167, 0.7648651599884033, 0.7243883013725281], "val_accuracy": [0.36024999618530273, 0.5077499747276306, 0.4544999897480011, 0.4309999942779541, 0.5192499756813049, 0.36649999022483826, 0.5, 0.515999972820282]}