{"loss": [1.340172290802002, 1.1758160591125488, 1.008643627166748, 1.1941500902175903, 1.299338698387146, 1.0543043613433838], "accuracy": [0.3152941167354584, 0.4435293972492218, 0.4694117605686188, 0.3988235294818878, 0.39176470041275024, 0.4399999976158142], "val_loss": [1.2192670106887817, 0.9660752415657043, 0.8441107273101807, 1.228675127029419, 1.3839571475982666, 1.139657974243164], "val_accuracy": [0.4399999976158142, 0.4866666793823242, 0.5, 0.35333332419395447, 0.2866666615009308, 0.5], "test_loss": 1.128587007522583, "test_accuracy": 0.42625001072883606, "epochs": 6}