{"loss": [1.2914233207702637, 0.9716383814811707, 0.7185643315315247, 0.6153766512870789, 0.5084295868873596, 0.4025574326515198, 0.37094321846961975, 0.22382180392742157, 0.2707199156284332, 0.25742068886756897, 0.16182586550712585, 0.11002305895090103, 0.1124420240521431, 0.10018504410982132], "accuracy": [0.35647058486938477, 0.5600000023841858, 0.7047058939933777, 0.7623529434204102, 0.7799999713897705, 0.8317646980285645, 0.8635293841362, 0.9305882453918457, 0.8964706063270569, 0.8976470828056335, 0.9529411792755127, 0.974117636680603, 0.9682353138923645, 0.970588207244873], "val_loss": [1.0922917127609253, 0.8814985156059265, 0.635863721370697, 0.8693060278892517, 0.4853016138076782, 0.3704158663749695, 0.33247512578964233, 0.4296029210090637, 0.38473328948020935, 0.28446081280708313, 0.25477293133735657, 0.3029254972934723, 0.2698519229888916, 0.30906563997268677], "val_accuracy": [0.4399999976158142, 0.4933333396911621, 0.7266666889190674, 0.5799999833106995, 0.7733333110809326, 0.846666693687439, 0.8533333539962769, 0.800000011920929, 0.8333333134651184, 0.8799999952316284, 0.8999999761581421, 0.8600000143051147, 0.8666666746139526, 0.8666666746139526]}