{"loss": [1.395011067390442, 1.307878017425537, 1.2501487731933594, 1.1998728513717651, 1.1631174087524414, 1.1237947940826416, 1.099616289138794, 1.0727099180221558, 1.0469276905059814, 1.0274076461791992], "accuracy": [0.29600000381469727, 0.35499998927116394, 0.4020000100135803, 0.4440000057220459, 0.48899999260902405, 0.5120000243186951, 0.5239999890327454, 0.5450000166893005, 0.5690000057220459, 0.5690000057220459], "val_loss": [1.3303320407867432, 1.2655510902404785, 1.2164613008499146, 1.1793768405914307, 1.1448954343795776, 1.1351197957992554, 1.0922331809997559, 1.0750112533569336, 1.0475205183029175, 1.0286673307418823], "val_accuracy": [0.32374998927116394, 0.3922500014305115, 0.4507499933242798, 0.4492500126361847, 0.5015000104904175, 0.47350001335144043, 0.527999997138977, 0.5232499837875366, 0.5602499842643738, 0.5732499957084656]}