{"loss": [1.3504482507705688, 1.3394395112991333, 1.277098536491394, 1.2838021516799927], "accuracy": [0.3019999861717224, 0.3330000042915344, 0.3580000102519989, 0.3569999933242798], "val_loss": [1.1890376806259155, 1.3397830724716187, 1.2641891241073608, 1.47268807888031], "val_accuracy": [0.44200000166893005, 0.32899999618530273, 0.35725000500679016, 0.25]}