{"loss": [1.2784206867218018, 1.3375388383865356, 1.4129184484481812, 1.3295196294784546, 1.2809386253356934, 1.0027714967727661, 0.7401730418205261, 1.479182243347168, 1.385115146636963, 1.3749154806137085, 1.3749921321868896, 1.3490204811096191, 1.3433820009231567, 1.0175412893295288, 0.8926553726196289, 1.0996387004852295, 1.1209484338760376, 1.1528544425964355, 0.8353174328804016, 1.3751089572906494], "accuracy": [0.3659999966621399, 0.3409999907016754, 0.25099998712539673, 0.32199999690055847, 0.35100001096725464, 0.47699999809265137, 0.5170000195503235, 0.3070000112056732, 0.2590000033378601, 0.2759999930858612, 0.28200000524520874, 0.3179999887943268, 0.29499998688697815, 0.421999990940094, 0.46299999952316284, 0.414000004529953, 0.40799999237060547, 0.41100001335144043, 0.4480000138282776, 0.2919999957084656], "val_loss": [1.3226397037506104, 1.392895221710205, 1.3691670894622803, 1.3051631450653076, 1.2685480117797852, 0.7460447549819946, 0.714356541633606, 1.3836463689804077, 1.3650178909301758, 1.3778808116912842, 1.3603079319000244, 1.4047009944915771, 1.6332005262374878, 0.7732043266296387, 0.9385403394699097, 1.0515408515930176, 1.1097677946090698, 1.0359853506088257, 1.3164368867874146, 1.4029208421707153], "val_accuracy": [0.3187499940395355, 0.25949999690055847, 0.30425000190734863, 0.33000001311302185, 0.3504999876022339, 0.5145000219345093, 0.518750011920929, 0.29249998927116394, 0.30524998903274536, 0.29225000739097595, 0.3230000138282776, 0.25975000858306885, 0.2487500011920929, 0.5017499923706055, 0.49000000953674316, 0.4569999873638153, 0.42625001072883606, 0.4595000147819519, 0.3622500002384186, 0.25075000524520874]}