{"loss": [1.2607152462005615, 0.9559164643287659, 0.7247207164764404, 0.5141211152076721, 0.3890659511089325, 0.34452417492866516, 0.3274630606174469, 0.32701659202575684, 0.2525736093521118, 0.20025181770324707, 0.24429549276828766, 0.22612956166267395, 0.16210557520389557, 0.12129471451044083, 0.14717531204223633, 0.074309803545475, 0.13430382311344147, 0.1592458188533783, 0.06637851148843765, 0.08653086423873901], "accuracy": [0.35600000619888306, 0.5299999713897705, 0.6759999990463257, 0.8080000281333923, 0.8489999771118164, 0.8669999837875366, 0.8659999966621399, 0.8659999966621399, 0.9039999842643738, 0.9319999814033508, 0.9010000228881836, 0.9079999923706055, 0.9399999976158142, 0.9549999833106995, 0.9430000185966492, 0.9729999899864197, 0.9449999928474426, 0.9399999976158142, 0.9750000238418579, 0.968999981880188], "val_loss": [1.0222758054733276, 0.8608584403991699, 0.5414290428161621, 0.5932343006134033, 0.40090036392211914, 0.4092668890953064, 0.4521213471889496, 0.31457212567329407, 0.5473193526268005, 0.4818609654903412, 0.5178926587104797, 0.40104424953460693, 0.36425161361694336, 0.3834213614463806, 0.3775842785835266, 0.29367905855178833, 0.340976744890213, 0.4235439598560333, 0.2993154227733612, 0.305572509765625], "val_accuracy": [0.484499990940094, 0.578499972820282, 0.8115000128746033, 0.721750020980835, 0.8417500257492065, 0.8429999947547913, 0.8199999928474426, 0.8790000081062317, 0.7829999923706055, 0.8184999823570251, 0.8044999837875366, 0.8475000262260437, 0.8659999966621399, 0.8675000071525574, 0.8632500171661377, 0.8917499780654907, 0.878000020980835, 0.8587499856948853, 0.8930000066757202, 0.8942499756813049]}