{"loss": [1.2772828340530396, 0.9772177338600159, 0.7558534145355225, 0.5742422938346863, 0.3957987427711487, 0.5377340316772461, 0.3189762234687805, 0.27442845702171326, 0.235373392701149, 0.1912229359149933, 0.14421530067920685, 0.19620221853256226, 0.10358510911464691, 0.07766982167959213, 0.08054398745298386], "accuracy": [0.3540000021457672, 0.546999990940094, 0.6489999890327454, 0.7720000147819519, 0.8700000047683716, 0.7720000147819519, 0.8899999856948853, 0.8960000276565552, 0.902999997138977, 0.9380000233650208, 0.9520000219345093, 0.9300000071525574, 0.972000002861023, 0.9829999804496765, 0.9779999852180481], "val_loss": [1.057562232017517, 0.9212592840194702, 0.6599420309066772, 0.4849613904953003, 0.508293092250824, 0.46685874462127686, 0.42609167098999023, 0.5641597509384155, 0.36417868733406067, 0.3172445595264435, 0.4140016436576843, 0.31243637204170227, 0.3114337623119354, 0.3262588083744049, 0.35388898849487305], "val_accuracy": [0.4947499930858612, 0.550000011920929, 0.7289999723434448, 0.8195000290870667, 0.7764999866485596, 0.8224999904632568, 0.8342499732971191, 0.765749990940094, 0.8575000166893005, 0.878000020980835, 0.8395000100135803, 0.875249981880188, 0.8799999952316284, 0.8827499747276306, 0.8690000176429749]}