{
  "loss": [
    1.308994174003601,
    1.250507116317749,
    1.3730823993682861,
    1.1524790525436401,
    0.9080640077590942
  ],
  "accuracy": [
    0.35647058486938477,
    0.3741176426410675,
    0.32235294580459595,
    0.4458823502063751,
    0.5047059059143066
  ],
  "val_loss": [
    1.3170206546783447,
    1.7259072065353394,
    1.3030602931976318,
    0.9425777196884155,
    0.8014501929283142
  ],
  "val_accuracy": [
    0.3400000035762787,
    0.273333340883255,
    0.31333333253860474,
    0.5333333611488342,
    0.5533333420753479
  ],
  "test_loss": 1.3201884031295776,
  "test_accuracy": 0.3375000059604645,
  "epochs": 5
}