{"loss": [1.2899130582809448, 0.9581842422485352, 0.7289729118347168, 0.5409018397331238, 0.5760093331336975, 0.41448691487312317, 0.2786608040332794, 0.2834288775920868, 0.20081329345703125], "accuracy": [0.34117648005485535, 0.5505882501602173, 0.6941176652908325, 0.7952941060066223, 0.7235293984413147, 0.8376470804214478, 0.9164705872535706, 0.8917647004127502, 0.9352940917015076], "val_loss": [1.1474037170410156, 1.0050157308578491, 0.7065351605415344, 0.5211498141288757, 0.7196214199066162, 0.433067262172699, 0.67303866147995, 0.46780064702033997, 0.5512802004814148], "val_accuracy": [0.4266666769981384, 0.5, 0.6333333253860474, 0.7733333110809326, 0.6266666650772095, 0.8133333325386047, 0.753333330154419, 0.8133333325386047, 0.800000011920929], "test_loss": 0.48404160141944885, "test_accuracy": 0.8130000233650208, "epochs": 15}