{"loss": [1.4091753959655762, 1.3435474634170532, 1.3085682392120361, 1.2836472988128662, 1.2616032361984253, 1.240272045135498, 1.2162495851516724, 1.1966720819473267, 1.179226040840149, 1.1624372005462646], "accuracy": [0.2952941060066223, 0.32235294580459595, 0.3776470720767975, 0.3905882239341736, 0.4152941107749939, 0.4470588266849518, 0.42588233947753906, 0.4682352840900421, 0.46705883741378784, 0.4847058951854706], "val_loss": [1.3481688499450684, 1.341516375541687, 1.3071495294570923, 1.284304141998291, 1.2750937938690186, 1.245097041130066, 1.2392172813415527, 1.207608699798584, 1.2029852867126465, 1.1884474754333496], "val_accuracy": [0.30666667222976685, 0.2933333218097687, 0.31333333253860474, 0.36666667461395264, 0.3733333349227905, 0.3799999952316284, 0.41333332657814026, 0.41999998688697815, 0.4466666579246521, 0.47999998927116394]}