{"loss": [1.356148600578308, 1.2827633619308472, 1.2324175834655762, 1.185986042022705, 1.1489473581314087, 1.1166303157806396, 1.087821364402771, 1.0601437091827393, 1.043816089630127, 1.0168752670288086, 0.998920738697052, 0.9809919595718384, 0.9640045166015625, 0.942889928817749, 0.9338998198509216, 0.9158564805984497, 0.8992884159088135, 0.8887501358985901, 0.8774429559707642, 0.8608799576759338], "accuracy": [0.3089999854564667, 0.375, 0.42500001192092896, 0.4569999873638153, 0.49900001287460327, 0.5059999823570251, 0.5419999957084656, 0.5659999847412109, 0.5680000185966492, 0.5950000286102295, 0.6060000061988831, 0.6299999952316284, 0.6449999809265137, 0.6629999876022339, 0.6470000147819519, 0.6679999828338623, 0.6669999957084656, 0.6830000281333923, 0.6970000267028809, 0.6890000104904175], "val_loss": [1.2968716621398926, 1.2415844202041626, 1.2053278684616089, 1.162585735321045, 1.1396145820617676, 1.1044820547103882, 1.0832760334014893, 1.0934220552444458, 1.044713020324707, 1.0296516418457031, 1.0057977437973022, 0.9966874122619629, 0.974561870098114, 0.9637635946273804, 0.9466221332550049, 0.9344996213912964, 0.9267169237136841, 0.9127817749977112, 0.9014730453491211, 0.9118019938468933], "val_accuracy": [0.37174999713897705, 0.41574999690055847, 0.4259999990463257, 0.484499990940094, 0.49424999952316284, 0.515500009059906, 0.5454999804496765, 0.46399998664855957, 0.5482500195503235, 0.5707499980926514, 0.5759999752044678, 0.5720000267028809, 0.6179999709129333, 0.6147500276565552, 0.6455000042915344, 0.6520000100135803, 0.6474999785423279, 0.6434999704360962, 0.6455000042915344, 0.6460000276565552]}