{"loss": [1.4076567888259888, 1.3597737550735474, 1.32182776927948, 1.2950587272644043, 1.2630517482757568, 1.2501230239868164, 1.2153350114822388, 1.1960535049438477, 1.1775273084640503, 1.1571028232574463], "accuracy": [0.3019999861717224, 0.30799999833106995, 0.36000001430511475, 0.3799999952316284, 0.40799999237060547, 0.3779999911785126, 0.42100000381469727, 0.4519999921321869, 0.45100000500679016, 0.4779999852180481], "val_loss": [1.3735567331314087, 1.3426824808120728, 1.3050909042358398, 1.283015251159668, 1.2518506050109863, 1.2336528301239014, 1.2155275344848633, 1.1919234991073608, 1.1744507551193237, 1.1606441736221313], "val_accuracy": [0.2915000021457672, 0.3465000092983246, 0.35249999165534973, 0.38350000977516174, 0.3972499966621399, 0.4242500066757202, 0.4230000078678131, 0.4390000104904175, 0.45774999260902405, 0.46399998664855957]}