{"loss": [1.3328133821487427, 1.096435546875, 0.8581014275550842, 0.801236629486084, 1.601799488067627, 1.1001476049423218], "accuracy": [0.33529412746429443, 0.4623529314994812, 0.5329411625862122, 0.5317646861076355, 0.364705890417099, 0.3988235294818878], "val_loss": [1.189212679862976, 0.8596810102462769, 0.7635939717292786, 0.9501745700836182, 1.273746132850647, 0.8721297383308411], "val_accuracy": [0.3933333456516266, 0.54666668176651, 0.5400000214576721, 0.5733333230018616, 0.3933333456516266, 0.5733333230018616]}