{"loss": [1.3998773097991943, 1.325886607170105, 1.2650383710861206, 1.2193173170089722, 1.180108666419983, 1.1461844444274902, 1.1113404035568237, 1.0832940340042114, 1.0560842752456665, 1.03538179397583, 1.014712929725647, 0.9910705089569092, 0.9716576933860779, 0.9575439691543579, 0.9396541714668274, 0.9236878156661987, 0.909207284450531, 0.8949005603790283, 0.8796669840812683, 0.8672090768814087], "accuracy": [0.2750000059604645, 0.3319999873638153, 0.4009999930858612, 0.4359999895095825, 0.4790000021457672, 0.5059999823570251, 0.5370000004768372, 0.5550000071525574, 0.5720000267028809, 0.6000000238418579, 0.6010000109672546, 0.640999972820282, 0.6370000243186951, 0.6489999890327454, 0.6610000133514404, 0.6629999876022339, 0.6869999766349792, 0.6880000233650208, 0.6859999895095825, 0.6970000267028809], "val_loss": [1.3650479316711426, 1.2938072681427002, 1.2518949508666992, 1.2045561075210571, 1.1764917373657227, 1.140137791633606, 1.1193318367004395, 1.0944859981536865, 1.09165358543396, 1.0487315654754639, 1.0301142930984497, 1.0159894227981567, 1.009143590927124, 0.9935815334320068, 0.9727522134780884, 0.958980143070221, 0.9411167502403259, 0.9289401769638062, 0.9336983561515808, 0.9046428799629211], "val_accuracy": [0.29374998807907104, 0.3734999895095825, 0.41725000739097595, 0.4567500054836273, 0.47325000166893005, 0.5095000267028809, 0.5112500190734863, 0.5270000100135803, 0.5145000219345093, 0.5697500109672546, 0.5864999890327454, 0.5822499990463257, 0.5842499732971191, 0.5857499837875366, 0.5972499847412109, 0.6010000109672546, 0.6290000081062317, 0.6294999718666077, 0.6192499995231628, 0.6585000157356262]}