{"loss": [2.78261661529541, 2.6858370304107666, 2.637307643890381, 2.6087911128997803, 2.5833182334899902, 2.552245855331421, 2.532712459564209, 2.5068600177764893, 2.484360933303833, 2.461533546447754, 2.437478542327881, 2.4175634384155273, 2.394317626953125, 2.3692986965179443, 2.351447582244873, 2.32891845703125, 2.3112831115722656, 2.2943100929260254, 2.274580717086792, 2.2559945583343506], "accuracy": [0.06666667014360428, 0.08888889104127884, 0.13333334028720856, 0.21111111342906952, 0.21666666865348816, 0.25555557012557983, 0.2611111104488373, 0.22777777910232544, 0.25, 0.28333333134651184, 0.3055555522441864, 0.33888888359069824, 0.32777777314186096, 0.31111112236976624, 0.3333333432674408, 0.3611111044883728, 0.3611111044883728, 0.38333332538604736, 0.3499999940395355, 0.4000000059604645], "val_loss": [2.731250762939453, 2.6723122596740723, 2.6446096897125244, 2.6149494647979736, 2.591312885284424, 2.566298007965088, 2.542318344116211, 2.519214630126953, 2.4971444606781006, 2.4754083156585693, 2.455270290374756, 2.432943105697632, 2.413595676422119, 2.3947887420654297, 2.3746585845947266, 2.3554749488830566, 2.338360071182251, 2.322028875350952, 2.3041021823883057, 2.286853075027466], "val_accuracy": [0.07777778059244156, 0.11666666716337204, 0.12777778506278992, 0.20000000298023224, 0.20555555820465088, 0.2888889014720917, 0.25555557012557983, 0.2611111104488373, 0.2944444417953491, 0.3055555522441864, 0.36666667461395264, 0.32777777314186096, 0.3499999940395355, 0.35555556416511536, 0.38333332538604736, 0.36666667461395264, 0.4000000059604645, 0.3722222149372101, 0.38333332538604736, 0.4055555462837219]}