{"loss": [2.7747280597686768, 2.6765332221984863, 2.6309916973114014, 2.6000723838806152, 2.5779645442962646, 2.546304225921631, 2.523914337158203, 2.4958839416503906, 2.4765141010284424, 2.452270746231079, 2.427137851715088, 2.406289577484131, 2.3804314136505127, 2.365180015563965, 2.340643882751465, 2.3262617588043213, 2.3042774200439453, 2.283836841583252, 2.2609293460845947, 2.244777202606201], "accuracy": [0.0833333358168602, 0.12777778506278992, 0.1666666716337204, 0.17222222685813904, 0.20000000298023224, 0.20000000298023224, 0.21111111342906952, 0.2611111104488373, 0.2611111104488373, 0.2944444417953491, 0.3777777850627899, 0.3888888955116272, 0.42222222685813904, 0.42222222685813904, 0.4166666567325592, 0.46666666865348816, 0.4277777671813965, 0.4166666567325592, 0.4833333194255829, 0.4611110985279083], "val_loss": [2.688380479812622, 2.634275197982788, 2.604910135269165, 2.5778913497924805, 2.5536069869995117, 2.5301804542541504, 2.5090317726135254, 2.4858925342559814, 2.4638586044311523, 2.4397192001342773, 2.421053171157837, 2.399949550628662, 2.379438877105713, 2.362175226211548, 2.3427422046661377, 2.324066162109375, 2.3062081336975098, 2.2899792194366455, 2.2718610763549805, 2.2561612129211426], "val_accuracy": [0.13333334028720856, 0.1388888955116272, 0.14444445073604584, 0.17222222685813904, 0.20555555820465088, 0.21666666865348816, 0.23333333432674408, 0.30000001192092896, 0.30000001192092896, 0.35555556416511536, 0.4166666567325592, 0.4000000059604645, 0.3722222149372101, 0.4333333373069763, 0.42222222685813904, 0.4444444477558136, 0.3777777850627899, 0.4055555462837219, 0.4722222089767456, 0.41111111640930176]}