{
  "loss": [
    2.744109869003296
  ],
  "accuracy": [
    0.09150326997041702
  ],
  "val_loss": [
    2.7353365421295166
  ],
  "val_accuracy": [
    0.0
  ],
  "test_loss": 2.6987929344177246,
  "test_accuracy": 0.09444444626569748,
  "epochs": 1
}