{
  "loss": [
    2.7260918617248535,
    2.589949369430542,
    2.4504551887512207,
    2.3008036613464355,
    2.110132932662964,
    1.933435320854187,
    1.7172901630401611,
    1.5475027561187744,
    1.4038317203521729,
    1.2978359460830688,
    1.1905343532562256,
    1.1157394647598267,
    0.9979062676429749,
    0.9545520544052124,
    0.9125025272369385
  ],
  "accuracy": [
    0.08496732264757156,
    0.2222222238779068,
    0.3464052379131317,
    0.4575163424015045,
    0.49673202633857727,
    0.5098039507865906,
    0.5490196347236633,
    0.601307213306427,
    0.5751634240150452,
    0.673202633857727,
    0.6797385811805725,
    0.6928104758262634,
    0.7058823704719543,
    0.7189542651176453,
    0.6993464231491089
  ],
  "val_loss": [
    2.7484893798828125,
    2.615504264831543,
    2.5151736736297607,
    2.389549493789673,
    2.1257688999176025,
    1.894951581954956,
    1.7444922924041748,
    1.5205117464065552,
    1.4283087253570557,
    1.330448031425476,
    1.275611400604248,
    1.193463683128357,
    1.141433835029602,
    1.0758956670761108,
    1.0701321363449097
  ],
  "val_accuracy": [
    0.0,
    0.07407407462596893,
    0.14814814925193787,
    0.2222222238779068,
    0.2222222238779068,
    0.48148149251937866,
    0.40740740299224854,
    0.5185185074806213,
    0.5555555820465088,
    0.5925925970077515,
    0.5925925970077515,
    0.5925925970077515,
    0.7037037014961243,
    0.5925925970077515,
    0.6296296119689941
  ],
  "test_loss": 1.109923243522644,
  "test_accuracy": 0.605555534362793,
  "epochs": 15
}