{
  "loss": [
    2.7165844440460205,
    2.557471990585327,
    2.410247564315796,
    2.2336528301239014,
    2.0536606311798096,
    1.8616721630096436,
    1.6780072450637817,
    1.4908753633499146,
    1.3461915254592896,
    1.2321988344192505,
    1.1749998331069946,
    1.0647683143615723,
    0.9491464495658875,
    0.886028528213501
  ],
  "accuracy": [
    0.06535948067903519,
    0.27450981736183167,
    0.30718955397605896,
    0.379084974527359,
    0.4444444477558136,
    0.47058823704719543,
    0.5424836874008179,
    0.5751634240150452,
    0.601307213306427,
    0.6274510025978088,
    0.6535947918891907,
    0.6601307392120361,
    0.7124183177947998,
    0.7516340017318726
  ],
  "val_loss": [
    2.619554281234741,
    2.569135904312134,
    2.447650671005249,
    2.3128814697265625,
    2.1489880084991455,
    1.9551582336425781,
    1.7747613191604614,
    1.6930733919143677,
    1.5422983169555664,
    1.4952092170715332,
    1.3849304914474487,
    1.3651679754257202,
    1.3123033046722412,
    1.2282263040542603
  ],
  "val_accuracy": [
    0.18518517911434174,
    0.1111111119389534,
    0.2222222238779068,
    0.29629629850387573,
    0.29629629850387573,
    0.37037035822868347,
    0.4444444477558136,
    0.4444444477558136,
    0.4444444477558136,
    0.5555555820465088,
    0.5555555820465088,
    0.5185185074806213,
    0.5185185074806213,
    0.6296296119689941
  ],
  "test_loss": 1.1059095859527588,
  "test_accuracy": 0.6499999761581421,
  "epochs": 14
}