{
  "loss": [
    2.769840717315674,
    2.6950125694274902,
    2.6559572219848633,
    2.6033453941345215,
    2.548135995864868,
    2.4766430854797363,
    2.434868574142456,
    2.3650927543640137
  ],
  "accuracy": [
    0.05228758230805397,
    0.0784313753247261,
    0.13725490868091583,
    0.16993464529514313,
    0.20261438190937042,
    0.16339869797229767,
    0.16339869797229767,
    0.29411765933036804
  ],
  "val_loss": [
    2.849670648574829,
    2.7940258979797363,
    2.7733333110809326,
    2.7913312911987305,
    2.739370822906494,
    2.6754186153411865,
    2.637754440307617,
    2.540703058242798
  ],
  "val_accuracy": [
    0.0,
    0.1111111119389534,
    0.18518517911434174,
    0.2222222238779068,
    0.2222222238779068,
    0.18518517911434174,
    0.18518517911434174,
    0.29629629850387573
  ],
  "test_loss": 2.424319267272949,
  "test_accuracy": 0.23888888955116272,
  "epochs": 8
}