{
  "loss": [
    2.906031847000122,
    2.846740484237671,
    2.8039116859436035,
    2.77105712890625,
    2.748067855834961,
    2.730205774307251,
    2.714909315109253,
    2.6999030113220215,
    2.6874260902404785,
    2.67460036277771
  ],
  "accuracy": [
    0.06535948067903519,
    0.05228758230805397,
    0.04575163498520851,
    0.04575163498520851,
    0.04575163498520851,
    0.019607843831181526,
    0.019607843831181526,
    0.03267974033951759,
    0.04575163498520851,
    0.04575163498520851
  ],
  "val_loss": [
    2.873047351837158,
    2.844853162765503,
    2.821359634399414,
    2.800233840942383,
    2.788548231124878,
    2.783414840698242,
    2.780790328979492,
    2.776189088821411,
    2.7685282230377197,
    2.7614376544952393
  ],
  "val_accuracy": [
    0.18518517911434174,
    0.03703703731298447,
    0.03703703731298447,
    0.0,
    0.0,
    0.0,
    0.0,
    0.0,
    0.0,
    0.0
  ],
  "test_loss": 2.6827971935272217,
  "test_accuracy": 0.04444444552063942,
  "epochs": 10
}