{"loss": [2.770237922668457, 2.6552340984344482, 2.568173885345459, 2.4660608768463135, 2.3449690341949463, 2.2484726905822754, 2.37522029876709, 2.4573936462402344, 2.2364423274993896, 2.2449448108673096, 2.2336668968200684, 2.1760330200195312, 2.096794605255127, 2.008882522583008, 1.9497448205947876, 1.8542617559432983, 1.8827736377716064, 1.941401720046997, 1.8174535036087036, 1.9282010793685913], "accuracy": [0.0555555559694767, 0.11666666716337204, 0.18333333730697632, 0.1388888955116272, 0.25555557012557983, 0.31111112236976624, 0.21111111342906952, 0.21111111342906952, 0.2666666805744171, 0.2777777910232544, 0.20555555820465088, 0.2222222238779068, 0.2888889014720917, 0.3222222328186035, 0.3222222328186035, 0.42222222685813904, 0.3444444537162781, 0.30000001192092896, 0.39444443583488464, 0.3499999940395355], "val_loss": [2.684342861175537, 2.566812515258789, 2.506887674331665, 2.406926393508911, 2.2828776836395264, 2.1665194034576416, 2.449688196182251, 2.3726956844329834, 2.1944384574890137, 2.2889575958251953, 2.220250129699707, 2.070843458175659, 2.051393985748291, 1.9846335649490356, 1.9093306064605713, 1.9248669147491455, 1.9335354566574097, 1.8957643508911133, 2.028034210205078, 1.9274424314498901], "val_accuracy": [0.08888889104127884, 0.15000000596046448, 0.21666666865348816, 0.18333333730697632, 0.2666666805744171, 0.3222222328186035, 0.13333334028720856, 0.1944444477558136, 0.21666666865348816, 0.23333333432674408, 0.1666666716337204, 0.3166666626930237, 0.3777777850627899, 0.35555556416511536, 0.35555556416511536, 0.3166666626930237, 0.31111112236976624, 0.3777777850627899, 0.2888889014720917, 0.30000001192092896]}