{"loss": [2.803244113922119, 2.6355624198913574, 2.4163904190063477, 2.1430485248565674, 1.8840272426605225, 1.7629663944244385, 1.561034083366394, 1.4377785921096802, 1.3262468576431274, 1.2313191890716553, 1.1180849075317383, 1.0796531438827515, 1.0030111074447632, 0.9304002523422241, 0.9602832198143005, 0.9086881875991821, 0.8465650081634521, 0.7932723164558411, 0.8065280318260193, 0.7348746657371521], "accuracy": [0.06111111119389534, 0.15000000596046448, 0.23333333432674408, 0.3499999940395355, 0.4166666567325592, 0.4555555582046509, 0.5166666507720947, 0.5833333134651184, 0.6111111044883728, 0.6111111044883728, 0.6166666746139526, 0.6666666865348816, 0.6888889074325562, 0.6777777671813965, 0.6722221970558167, 0.6499999761581421, 0.7333333492279053, 0.7222222089767456, 0.6777777671813965, 0.7333333492279053], "val_loss": [2.6474313735961914, 2.494319438934326, 2.2262048721313477, 1.9915591478347778, 1.8318737745285034, 1.6584255695343018, 1.5645114183425903, 1.4677625894546509, 1.398083209991455, 1.2621910572052002, 1.1735267639160156, 1.143489956855774, 1.0604921579360962, 1.0043675899505615, 1.0636975765228271, 0.970664918422699, 1.009176254272461, 1.0352504253387451, 0.8914608359336853, 0.8783425092697144], "val_accuracy": [0.13333334028720856, 0.25, 0.3222222328186035, 0.4166666567325592, 0.42222222685813904, 0.5, 0.4833333194255829, 0.5277777910232544, 0.5388888716697693, 0.5777778029441833, 0.6111111044883728, 0.5833333134651184, 0.6166666746139526, 0.6555555462837219, 0.6000000238418579, 0.6388888955116272, 0.644444465637207, 0.605555534362793, 0.6499999761581421, 0.6611111164093018]}