{
  "loss": [
    2.7085819244384766
  ],
  "accuracy": [
    0.06535948067903519
  ],
  "val_loss": [
    2.708900213241577
  ],
  "val_accuracy": [
    0.07407407462596893
  ],
  "test_loss": 2.708117961883545,
  "test_accuracy": 0.06666667014360428,
  "epochs": 1
}