{"loss": [2.8538730144500732, 2.6830410957336426, 2.5148987770080566, 2.2846007347106934, 2.0242388248443604, 1.8510644435882568, 1.6590564250946045, 1.505760908126831, 1.4005013704299927, 1.2952606678009033, 1.2250323295593262, 1.0766983032226562, 1.0105607509613037, 0.9387909770011902, 0.8897424340248108, 0.8627749681472778, 0.799763560295105, 0.7609952092170715, 0.7382393479347229, 0.7755044102668762], "accuracy": [0.05000000074505806, 0.06666667014360428, 0.22777777910232544, 0.2611111104488373, 0.3722222149372101, 0.41111111640930176, 0.46666666865348816, 0.5611110925674438, 0.5777778029441833, 0.605555534362793, 0.5888888835906982, 0.6388888955116272, 0.7333333492279053, 0.7055555582046509, 0.7222222089767456, 0.7722222208976746, 0.7444444298744202, 0.7722222208976746, 0.7722222208976746, 0.699999988079071], "val_loss": [2.6863701343536377, 2.571817636489868, 2.370053768157959, 2.096862554550171, 1.9055417776107788, 1.7584303617477417, 1.6114791631698608, 1.510108232498169, 1.378787875175476, 1.308142900466919, 1.2461727857589722, 1.1656485795974731, 1.1091727018356323, 1.0585129261016846, 1.0882357358932495, 0.9709835648536682, 0.9946364760398865, 0.9328222274780273, 1.0260871648788452, 0.9010810256004333], "val_accuracy": [0.12222222238779068, 0.2888889014720917, 0.25555557012557983, 0.3888888955116272, 0.46666666865348816, 0.4000000059604645, 0.4888888895511627, 0.5, 0.5944444537162781, 0.5555555820465088, 0.5722222328186035, 0.5944444537162781, 0.6222222447395325, 0.6222222447395325, 0.5722222328186035, 0.6388888955116272, 0.6499999761581421, 0.6166666746139526, 0.5888888835906982, 0.6666666865348816]}