{"loss": [2.8723535537719727, 2.7335469722747803, 2.6721420288085938, 2.6410369873046875, 2.616260528564453, 2.588071584701538, 2.559565544128418, 2.534865617752075, 2.511655807495117, 2.487793207168579, 2.4670748710632324, 2.4428861141204834, 2.420625925064087, 2.4035863876342773, 2.3798818588256836, 2.3656201362609863, 2.3375020027160645, 2.316535234451294, 2.3004517555236816, 2.282215118408203], "accuracy": [0.07222222536802292, 0.0833333358168602, 0.12777778506278992, 0.12777778506278992, 0.15000000596046448, 0.1388888955116272, 0.18333333730697632, 0.21666666865348816, 0.25, 0.2944444417953491, 0.30000001192092896, 0.3444444537162781, 0.35555556416511536, 0.3222222328186035, 0.38333332538604736, 0.3777777850627899, 0.4055555462837219, 0.42222222685813904, 0.42222222685813904, 0.4277777671813965], "val_loss": [2.739130735397339, 2.6722779273986816, 2.636847972869873, 2.6091575622558594, 2.584613561630249, 2.561293125152588, 2.5365524291992188, 2.514357089996338, 2.4916625022888184, 2.468148708343506, 2.4488446712493896, 2.427388906478882, 2.4075512886047363, 2.389404296875, 2.3681960105895996, 2.3529257774353027, 2.3319222927093506, 2.3146233558654785, 2.297966718673706, 2.28122615814209], "val_accuracy": [0.07777778059244156, 0.14444445073604584, 0.17222222685813904, 0.17222222685813904, 0.20000000298023224, 0.20000000298023224, 0.23888888955116272, 0.23888888955116272, 0.2888889014720917, 0.3222222328186035, 0.3166666626930237, 0.3611111044883728, 0.3444444537162781, 0.3611111044883728, 0.4055555462837219, 0.41111111640930176, 0.43888887763023376, 0.43888887763023376, 0.4000000059604645, 0.4277777671813965]}