{"loss": [2.888052463531494, 2.6838176250457764, 2.512259006500244, 2.2732417583465576, 2.0619497299194336, 1.8644417524337769, 1.7535821199417114, 1.5855094194412231, 1.4351352453231812, 1.3561183214187622, 1.2431031465530396, 1.1169300079345703, 1.029532551765442, 0.9903867840766907, 0.927773118019104, 0.9246567487716675, 0.8232045769691467, 0.8289004564285278, 0.8216850161552429, 0.7694252133369446], "accuracy": [0.02777777798473835, 0.0555555559694767, 0.15000000596046448, 0.2944444417953491, 0.33888888359069824, 0.4555555582046509, 0.4000000059604645, 0.49444442987442017, 0.5888888835906982, 0.5666666626930237, 0.6333333253860474, 0.6722221970558167, 0.6944444179534912, 0.6888889074325562, 0.7222222089767456, 0.7111111283302307, 0.7388888597488403, 0.7222222089767456, 0.7277777791023254, 0.7833333611488342], "val_loss": [2.6718499660491943, 2.5555076599121094, 2.3531694412231445, 2.101562261581421, 1.9216867685317993, 1.777553677558899, 1.6855850219726562, 1.5439801216125488, 1.4740183353424072, 1.4006112813949585, 1.2810782194137573, 1.1786421537399292, 1.1232130527496338, 1.0720547437667847, 1.0860157012939453, 0.9750968217849731, 1.0163288116455078, 0.9163419008255005, 1.038387656211853, 0.9816173315048218], "val_accuracy": [0.06666667014360428, 0.22777777910232544, 0.21111111342906952, 0.3611111044883728, 0.44999998807907104, 0.4333333373069763, 0.4444444477558136, 0.47777777910232544, 0.49444442987442017, 0.4722222089767456, 0.5833333134651184, 0.5944444537162781, 0.6277777552604675, 0.605555534362793, 0.5833333134651184, 0.6499999761581421, 0.6166666746139526, 0.6833333373069763, 0.550000011920929, 0.6166666746139526]}