{"loss": [2.746520757675171, 2.6157774925231934, 2.5336828231811523, 2.4880025386810303, 2.405712366104126, 2.381330966949463, 2.2857511043548584, 2.2407236099243164, 2.2770676612854004, 2.2520217895507812, 2.1194636821746826, 1.98702871799469, 1.9447438716888428, 1.9529064893722534, 1.9826358556747437, 1.964357852935791, 1.8187594413757324, 1.7556308507919312, 1.7100082635879517, 1.6734141111373901], "accuracy": [0.04444444552063942, 0.09444444626569748, 0.12222222238779068, 0.15000000596046448, 0.18333333730697632, 0.21666666865348816, 0.23888888955116272, 0.23888888955116272, 0.23888888955116272, 0.28333333134651184, 0.33888888359069824, 0.35555556416511536, 0.3888888955116272, 0.4055555462837219, 0.3611111044883728, 0.36666667461395264, 0.44999998807907104, 0.5, 0.44999998807907104, 0.5222222208976746], "val_loss": [2.6405982971191406, 2.598820924758911, 2.5463192462921143, 2.485729932785034, 2.394019842147827, 2.339386224746704, 2.426041603088379, 2.339627742767334, 2.2890076637268066, 2.184433698654175, 2.0943095684051514, 2.0853209495544434, 1.983331322669983, 2.098346471786499, 1.954047441482544, 1.9582171440124512, 1.7895419597625732, 1.7510138750076294, 1.7328425645828247, 1.7077265977859497], "val_accuracy": [0.1111111119389534, 0.14444445073604584, 0.1388888955116272, 0.17777778208255768, 0.20000000298023224, 0.22777777910232544, 0.23333333432674408, 0.27222222089767456, 0.32777777314186096, 0.36666667461395264, 0.3611111044883728, 0.3333333432674408, 0.4166666567325592, 0.30000001192092896, 0.33888888359069824, 0.36666667461395264, 0.46666666865348816, 0.46666666865348816, 0.4277777671813965, 0.4055555462837219]}