{"loss": [2.73186993598938, 2.5871496200561523, 2.5009703636169434, 2.439136028289795, 2.389845848083496, 2.290935516357422, 2.1651997566223145, 2.0298619270324707, 2.0119638442993164, 1.9608443975448608, 1.8599441051483154, 1.8190592527389526, 1.8322898149490356, 1.8292120695114136, 1.7410880327224731, 1.947779655456543, 1.7257815599441528, 1.608628511428833, 1.5407593250274658, 1.580679178237915], "accuracy": [0.06111111119389534, 0.13333334028720856, 0.1388888955116272, 0.1666666716337204, 0.20555555820465088, 0.24444444477558136, 0.3222222328186035, 0.41111111640930176, 0.3499999940395355, 0.35555556416511536, 0.4611110985279083, 0.42222222685813904, 0.3611111044883728, 0.4277777671813965, 0.46666666865348816, 0.33888888359069824, 0.4055555462837219, 0.4888888895511627, 0.5222222208976746, 0.5277777910232544], "val_loss": [2.602915048599243, 2.520024538040161, 2.418224334716797, 2.3213086128234863, 2.3386902809143066, 2.203848361968994, 2.0835001468658447, 2.1197314262390137, 1.9103128910064697, 1.8981555700302124, 1.9394066333770752, 1.822198510169983, 2.3083786964416504, 1.8555595874786377, 2.1419193744659424, 1.7694509029388428, 1.6608854532241821, 1.6587456464767456, 1.721605896949768, 1.738228678703308], "val_accuracy": [0.11666666716337204, 0.15555556118488312, 0.13333334028720856, 0.21111111342906952, 0.21666666865348816, 0.2611111104488373, 0.2944444417953491, 0.2944444417953491, 0.38333332538604736, 0.36666667461395264, 0.3499999940395355, 0.3444444537162781, 0.23333333432674408, 0.33888888359069824, 0.2611111104488373, 0.3499999940395355, 0.3888888955116272, 0.38333332538604736, 0.3722222149372101, 0.4277777671813965]}